ID,TravelRequest_ID,FileName,FileURL,UploadedOn
a1d2e3f4-b5c6-4a11-b111-111111111111,a1c2d3e4-f5a6-4a11-b222-111111111111,FlightTicket.pdf,,2026-05-02T10:00:00Z
b2e3f4a5-c6d1-4b22-c222-222222222222,a1c2d3e4-f5a6-4a11-b222-111111111111,HotelBooking.pdf,,2026-05-02T10:05:00Z
c3f4a5b6-d1e2-4c33-d333-333333333333,b2d3e4f5-a6b1-4b22-c333-222222222222,ConferencePass.pdf,,2026-05-04T09:00:00Z
d4a5b6c1-e2f3-4d44-e444-444444444444,c3e4f5a6-b1c2-4c33-d444-333333333333,AuditSchedule.pdf,,2026-05-10T11:00:00Z
e5b6c1d2-f3a4-4e55-f555-555555555555,d4f5a6b1-c2d3-4d44-e555-444444444444,comventAgenda.pdf,,2026-05-08T08:00:00Z
f6c1d2e3-a4b5-4f66-a666-666666666666,e5a6b1c2-d3e4-4e55-f666-555555555555,TravelInvoice.pdf,,2026-05-07T09:00:00Z
a7d2e3f4-b5c6-4a77-b777-777777777777,f6b1c2d3-e4f5-4f66-a777-666666666666,QAReport.pdf,,2026-05-08T12:00:00Z
b8e3f4a5-c6d1-4b88-c888-888888888888,a7c2d3e4-f5a6-4a77-b888-777777777777,WorkshopInvite.pdf,,2026-05-09T07:00:00Z
c9f4a5b6-d1e2-4c99-d999-999999999999,c9e4f5a6-b1c2-4c99-daaa-999999999999,SalesPresentation.pdf,,2026-05-13T09:00:00Z
d1a5b6c1-e2f3-4daa-eaaa-aaaaaaaaaaaa,d1f5a6b1-c2d3-4daa-ebbb-aaaaaaaaaaaa,VendorAgenda.pdf,,2026-05-13T08:00:00Z
e2b6c1d2-f3a4-4ebb-fbbb-bbbbbbbbbbbb,e2a6b1c2-d3e4-4ebb-fccc-bbbbbbbbbbbb,WorkshopSchedule.pdf,,2026-05-15T10:00:00Z
f3c1d2e3-a4b5-4fcc-accc-cccccccccccc,f3b1c2d3-e4f5-4fcc-addd-cccccccccccc,TrainingApproval.pdf,,2026-05-15T11:30:00Z
a4d2e3f4-b5c6-4add-bddd-dddddddddddd,a4c1d2e3-f4a5-4add-beee-dddddddddddd,InnovationSummitPass.pdf,,2026-05-16T12:15:00Z
b5e3f4a5-c6d1-4bee-ceee-eeeeeeeeeeee,b5d1e2f3-a4b5-4bee-cfff-eeeeeeeeeeee,ComplianceChecklist.pdf,,2026-05-18T09:30:00Z
c6f4a5b6-d1e2-4cff-dfff-ffffffffffff,b5d1e2f3-b4c5-4cff-d111-fffffffffff1,ExpoInvitation.pdf,,2026-05-18T10:45:00Z